Tim Burton,personal,Flexitariana,
James Marshall,personal,Flexitariana,
Gandja Monteiro,personal,Vegetariana,
Charles Addams,personal,Vegetariana,
Alfred Gough,personal,Flexitariana,
Miles Millar,personal,Vegetariana,
Kayla Alpert,personal,Apt sa manance orice,
April Blair,personal,Apt sa manance orice,
Matt Lambert,personal,Vegetariana,
Jenna Ortega,personal,Flexitariana,
Gwendoline Christie,personal,Flexitariana,
Riki Lindhome,personal,Flexitariana,
Emma Myers,personal,Vegetariana,
Joy Sunday,personal,Apt sa manance orice,
Naomi J. Ogawa,personal,Vegetariana,
Christina Ricci,personal,Flexitariana,
Jamie McShane,personal,Vegetariana,
Hunter Doohan,personal,Flexitariana,
Percy Hynes White,personal,Apt sa manance orice,
Georgie Farmer,personal,Apt sa manance orice,
Johnna Dias-Watson,personal,Apt sa manance orice,
Oliver Watson,personal,Apt sa manance orice,
Victor Dorobantu,personal,Flexitariana,
Moosa Mostafa,personal,Apt sa manance orice,
Daniel Himschoot,personal,Vegetariana,
Luyanda Unati Lewis-Nyawo,personal,Vegetariana,
Iman Marson,personal,Apt sa manance orice,
Calum Ross,personal,Flexitariana,
Cezar Grumazescu,personal,Flexitariana,
Tommie Earl Jenkins,personal,Flexitariana,
Catherine Zeta-Jones,personal,Flexitariana,
Morgan Beale,personal,Apt sa manance orice,
George Burcea,personal,Flexitariana,
Islam Bouakkaz,personal,Apt sa manance orice,
William Houston,personal,Apt sa manance orice,
Karina Varadi,personal,Vegetariana,
Rina Mahoney,personal,Flexitariana,
Georgia Goodman,personal,Vegetariana,
Murray McArthur,personal,Vegetariana,
Fred Armisen,personal,Apt sa manance orice,
Luis Guzm�n,personal,Flexitariana,
Olimpia Malai,personal,Apt sa manance orice,
Isaac Ordonez,personal,Flexitariana,
Nitin Ganatra,personal,Apt sa manance orice,
Lucius Hoyos,personal,Apt sa manance orice,
Cheherezade Valentine Okotaka Ebale,personal,Flexitariana,
Oliver Wickham,personal,Apt sa manance orice,
Edward Kennedy,personal,Vegetariana,
Ismail Kesu,personal,Flexitariana,
Caroline Lawrie,personal,Vegetariana,
Lachele Carl,personal,Flexitariana,
Gwen Jones,personal,Flexitariana,
Lisa O'Hare,personal,Vegetariana,
Sophia Nomvete,personal,Apt sa manance orice,
Ichir� Y�ki,personal,Apt sa manance orice,
Amanda Drew,personal,Vegetariana,
Ryan Ellsworth,personal,Flexitariana,
Gloria Garcia,personal,Apt sa manance orice,
Gracy Goldman,personal,Vegetariana,
Lewis Hayes,personal,Vegetariana,
Philip Rosch,personal,Vegetariana,
Michael Okele,personal,Flexitariana,
Chloe Cate,personal,Flexitariana,
Kayla Alpert,personal,Apt sa manance orice,
Gail Berman,personal,Apt sa manance orice,
Tim Burton,personal,Vegetariana,
Jonathan Glickman,personal,Vegetariana,
Carla Gonz�lez Vargas,personal,Flexitariana,
Alfred Gough,personal,Vegetariana,
Tommy Harper,personal,Vegetariana,
Nick Iannelli,personal,Flexitariana,
Kevin Lafferty,personal,Apt sa manance orice,
Miles Millar,personal,Flexitariana,
David Minkowski,personal,Apt sa manance orice,
Kevin Miserocchi,personal,Vegetariana,
Andrew Mittman,personal,Flexitariana,
Carmen Pepelea,personal,Apt sa manance orice,
Steve Stark,personal,Apt sa manance orice,
Natalie Testa,personal,Apt sa manance orice,
Todd Williams,personal,Flexitariana,
Chris Bacon,personal,Apt sa manance orice,
Danny Elfman,personal,Flexitariana,
Stephan Pehrsson,personal,Apt sa manance orice,
David Lanzenberg,personal,Vegetariana,
Ana Yavari,personal,Apt sa manance orice,
Jay Prychidny,personal,Flexitariana,
Paul G. Day,personal,Vegetariana,
Florina Fernandes,personal,Flexitariana,
Sophie Holland,personal,Flexitariana,
John Papsidera,personal,Vegetariana,
Mark Scruton,personal,Apt sa manance orice,
Adrian Curelea,personal,Apt sa manance orice,
Ghinea Diana,personal,Flexitariana,
Silvia Nancu,personal,Vegetariana,
Andrei-Florian Popa,personal,Flexitariana,
Serban Porupca,personal,Vegetariana,
Vlad Roseanu,personal,Flexitariana,
Roxana Alexandru,personal,Apt sa manance orice,
Carmen Ratoi,personal,Apt sa manance orice,
Laurentiu Zarnoianu,personal,Flexitariana,
David Morison,personal,Apt sa manance orice,
Rob Hepburn,personal,Flexitariana,
Colleen Atwood,personal,Vegetariana,
Bianca Boeroiu,personal,Apt sa manance orice,
Catalin Ciutu,personal,Apt sa manance orice,
Natalie L Costello,personal,Apt sa manance orice,
Julian Hutcheson,personal,Apt sa manance orice,
Nirvana Jalalvand,personal,Flexitariana,
Grace McComisky,personal,Flexitariana,
Tara McDonald,personal,Apt sa manance orice,
Dominic Mombrun,personal,Flexitariana,
Angela Ruiz Morales,personal,Flexitariana,
Paraschiv Oana,personal,Flexitariana,
Alexandru Sassu,personal,Vegetariana,
Bas Schwarz,personal,Apt sa manance orice,
Rub�n Serra,personal,Apt sa manance orice,
Margo Stefan,personal,Flexitariana,
Viktoria Stieber,personal,Apt sa manance orice,
Sinead Sweeney,personal,Apt sa manance orice,
Iuliana Temelie,personal,Apt sa manance orice,
Clara Tudose,personal,Vegetariana,
Raquel �lvarez,personal,Apt sa manance orice,
Freda Ellis,personal,Flexitariana,
Ripley Dale-Gulston,personal,Apt sa manance orice,
Olimpia Stoicea,personal,Flexitariana,
Tia Costell,personal,Flexitariana,
Susan Cole,personal,Apt sa manance orice,
Jean Carlos de Blas,personal,Vegetariana,
Gabriella Havens,personal,Flexitariana,
Sheherezada Kouchaki,personal,Vegetariana,
Raluca Moldoveanu,personal,Flexitariana,
Andrea Dardea Tesdall,personal,Vegetariana,
Nicoleta Toader,personal,Apt sa manance orice,
Natalie Fox,personal,Vegetariana,
Niki De Jong,personal,Vegetariana,
Ionel Popa,personal,Vegetariana,
Athina Sapanidis,personal,Apt sa manance orice,
Razvan Badea,personal,Flexitariana,
Irene Iovan Calangiu,personal,Vegetariana,
Alexandru Cseh,personal,Apt sa manance orice,
Emma Mallett,personal,Vegetariana,
Alexandru Acsinte,personal,Flexitariana,
Emilie Balusson,personal,Apt sa manance orice,
Bianca Bumbacea,personal,Apt sa manance orice,
Simona Dinu,personal,Flexitariana,
Mariana Grama,personal,Flexitariana,
Mircea Hategan,personal,Vegetariana,
Stefania Ispas,personal,Flexitariana,
Loyzo,personal,Flexitariana,
Raphael Tudor,personal,Apt sa manance orice,
Costin Sforaru,personal,Flexitariana,
Sabina Balan,personal,Vegetariana,
Brett Chan,personal,Flexitariana,
Ada Dumitru,personal,Vegetariana,
Emyr Glyn Rees,personal,Apt sa manance orice,
Jessica Kirec,personal,Flexitariana,
George Walker,personal,Apt sa manance orice,
Richard O'Brien-Moran,personal,Flexitariana,
Mihaela Ionita,personal,Apt sa manance orice,
Alexandra Popa,personal,Flexitariana,
Alexandru Trandafira,personal,Vegetariana,
Sucioaia Alexandra,personal,Flexitariana,
Tache Alexandru,personal,Apt sa manance orice,
Corneliu Mihai Bonciu,personal,Flexitariana,
Rachel Garlick,personal,Flexitariana,
Florin Gavrila,personal,Apt sa manance orice,
Adi Handac,personal,Vegetariana,
Dana Ilie,personal,Apt sa manance orice,
Alexandru Titus Ipate,personal,Flexitariana,
Simona Maican,personal,Flexitariana,
Cristian Mihaila,personal,Vegetariana,
Cosmin Miroiu,personal,Flexitariana,
Amalia Mititelu,personal,Flexitariana,
Pietro Nume,personal,Vegetariana,
Iulia Petrescu,personal,Apt sa manance orice,
Madalina Ripanu,personal,Apt sa manance orice,
Geaniloni Sandru,personal,Apt sa manance orice,
Eusebiu Sirbu,personal,Apt sa manance orice,
Cristina Stefan,personal,Apt sa manance orice,
Alexandra Tudor,personal,Vegetariana,
Laurentiu Zarnoianu,personal,Vegetariana,
Liviu Antonescu,personal,Apt sa manance orice,
Madalina Ciosu,personal,Flexitariana,
Tudor Iordachescu,personal,Vegetariana,
Anca Iscru,personal,Apt sa manance orice,
Ana Neag,personal,Flexitariana,
Iulia Pasarica,personal,Apt sa manance orice,
Andreea Siminea,personal,Flexitariana,
Amy Lockwood,personal,Vegetariana,
Andrew Cherry,personal,Flexitariana,
Cristian Darstar,personal,Flexitariana,
Adrian Curelea,personal,Vegetariana,
Serban Porupca,personal,Apt sa manance orice,
Radu Costache,personal,Vegetariana,
Jennifer Keen,personal,Flexitariana,
Karen Krizanovich,personal,Apt sa manance orice,
Ben Livingstone,personal,Apt sa manance orice,
Yohann Angelvy,personal,Flexitariana,
Michael Baskerville,personal,Vegetariana,
Nicolae Comarzan,personal,Vegetariana,
Tony Diaz,personal,Flexitariana,
Arturo A. Fuenmayor,personal,Flexitariana,
Alastair Gray,personal,Flexitariana,
Justin Helle,personal,Apt sa manance orice,
John Loranger,personal,Flexitariana,
Liviu Lupsa,personal,Flexitariana,
Kristi McIntyre,personal,Vegetariana,
Sean Miller,personal,Flexitariana,
Faustine Pelipel,personal,Vegetariana,
Dan Sexton,personal,Apt sa manance orice,
Alex Stylianou,personal,Flexitariana,
Jamie Sulek,personal,Vegetariana,
Mike Tehrani,personal,Apt sa manance orice,
Marcus Byrne,personal,Flexitariana,
Greg Crawford,personal,Vegetariana,
Juan Martin Del Campo,personal,Flexitariana,
Tim McKeever,personal,Apt sa manance orice,
Simon Diggins,personal,Vegetariana,
Jonathan Gomez,personal,Apt sa manance orice,
Nathan Jackson,personal,Apt sa manance orice,
William Kellerman,personal,Vegetariana,
Leslie Liu,personal,Apt sa manance orice,
Ana Quiroga,personal,Vegetariana,
Dan Barcutean,personal,Flexitariana,
Max Costello,personal,Flexitariana,
Florin Stoian,personal,Apt sa manance orice,
Harry Troughton,personal,Apt sa manance orice,
Jason Troughton,personal,Apt sa manance orice,
Adrian Nica,personal,Apt sa manance orice,
Ilinca Angelescu,personal,Flexitariana,
Yovko Dogandjiiski,personal,Flexitariana,
Antonia Tocheva,personal,Flexitariana,
Matthew Adams,personal,Flexitariana,
Oana Bardan,personal,Flexitariana,
Craig Calvert,personal,Vegetariana,
Kevin Chandoo,personal,Vegetariana,
Nick Colangelo,personal,Apt sa manance orice,
John Coldrick,personal,Apt sa manance orice,
Sam Cole,personal,Vegetariana,
Chris Cooper,personal,Vegetariana,
Roger Dalupang,personal,Flexitariana,
Swedyl DSouza,personal,Flexitariana,
Maxime Ducharme,personal,Vegetariana,
Paula Fanaia,personal,Flexitariana,
Mariah Fleetham,personal,Flexitariana,
Kathryn Foster,personal,Flexitariana,
Ben Funk,personal,Apt sa manance orice,
Keith Goh,personal,Vegetariana,
Kari-Lyn Gravel,personal,Vegetariana,
Jon Howard,personal,Apt sa manance orice,
Kent Johnson,personal,Flexitariana,
Anna Joukova,personal,Apt sa manance orice,
Jesse Kawzenuk,personal,Flexitariana,
Grant Lee,personal,Apt sa manance orice,
Jake Lunt Davies,personal,Apt sa manance orice,
Dumitrana Teodora Lupu,personal,Flexitariana,
Amy Madigan,personal,Vegetariana,
Yael Majors,personal,Flexitariana,
Mariano Mendoza,personal,Flexitariana,
Guillermo Molina,personal,Flexitariana,
Skye Morandin,personal,Vegetariana,
Tom Nagy,personal,Apt sa manance orice,
Ken Nielsen,personal,Apt sa manance orice,
Razvan Nineaca,personal,Apt sa manance orice,
Anthony O'Connell,personal,Flexitariana,
Catalin Otelea,personal,Apt sa manance orice,
Matei Ovejan,personal,Flexitariana,
Alessandro Pantanella,personal,Apt sa manance orice,
Travis Pond,personal,Vegetariana,
Yawar Raja,personal,Flexitariana,
Aditya Sawant,personal,Flexitariana,
Matt Schofield,personal,Apt sa manance orice,
Ksenia Shutova,personal,Vegetariana,
Mark Simone,personal,Flexitariana,
Denis St-Pierre,personal,Flexitariana,
Ryan Terk,personal,Flexitariana,
Jason Teske,personal,Flexitariana,
Tom Turnbull,personal,Flexitariana,
Fabi�n Varela,personal,Apt sa manance orice,
Kelly Weisz,personal,Vegetariana,
Angela Zhang,personal,Flexitariana,
Kayden Anderson,personal,Apt sa manance orice,
Eddie Englander,personal,Apt sa manance orice,
Rashid Khallouk,personal,Apt sa manance orice,
Timothy Mah,personal,Apt sa manance orice,
Michael Osuszek,personal,Vegetariana,
Rodrigo Paiva,personal,Vegetariana,
Suresh Pandi,personal,Vegetariana,
Francois Robert,personal,Flexitariana,
Adam Smith,personal,Vegetariana,
Sarvesh Amre,personal,Vegetariana,
Beno�t Bri�re,personal,Vegetariana,
Paul Chambers,personal,Apt sa manance orice,
Dipak Gaur,personal,Apt sa manance orice,
Taraknath Ghosh,personal,Vegetariana,
Baz Lanaris,personal,Flexitariana,
Prateek Mishra,personal,Flexitariana,
Erin Nicholson,personal,Apt sa manance orice,
Bikram Singh,personal,Flexitariana,
Khushroo Surveyor,personal,Flexitariana,
Ramesh Kumar Yanagandhula,personal,Flexitariana,
Lynx Zuo,personal,Apt sa manance orice,
Patti Gannon,personal,Vegetariana,
Tanya Haddad,personal,Apt sa manance orice,
JoAnna Johnson,personal,Flexitariana,
Luca Lim Diniz,personal,Vegetariana,
Brodie McNeill,personal,Flexitariana,
Tabata Ortiz,personal,Vegetariana,
Nishant Patel,personal,Vegetariana,
Umapathy Rajarathinam,personal,Flexitariana,
Genesis Rivas,personal,Vegetariana,
Manish Rohith,personal,Apt sa manance orice,
Luca Gabriele Rossetti,personal,Vegetariana,
Salil Thapa,personal,Apt sa manance orice,
Fran�ois Trudel,personal,Flexitariana,
Wesley While,personal,Apt sa manance orice,
Kaylie Whitcher,personal,Vegetariana,
Sarah Wormsbecher,personal,Vegetariana,
Summer Zong,personal,Vegetariana,
Oksana Andrulis,personal,Vegetariana,
David Dionne,personal,Vegetariana,
Josh George,personal,Vegetariana,
James Takashi Higuchi,personal,Apt sa manance orice,
Christopher Jude,personal,Vegetariana,
Jos� Lasa,personal,Vegetariana,
Marco Lee,personal,Flexitariana,
Dinaaz Mathur,personal,Apt sa manance orice,
Ben McDougal,personal,Vegetariana,
Sumit Mukherjee,personal,Flexitariana,
Isha Nigam,personal,Vegetariana,
Ryan Jae Wook Park,personal,Flexitariana,
Gustavo Sanchez-Perez,personal,Vegetariana,
Kyle Sim,personal,Flexitariana,
Pankaj Umbarkar,personal,Apt sa manance orice,
Sahil Agrahari,personal,Apt sa manance orice,
Chris Archinet,personal,Vegetariana,
Ajay Kumar Attinti,personal,Flexitariana,
Samuel Boisvert,personal,Vegetariana,
Reine Bourgault,personal,Flexitariana,
Aakash Chaudhari,personal,Flexitariana,
Dave David,personal,Flexitariana,
Amod Diwakar,personal,Vegetariana,
Nadine Fr�ve,personal,Apt sa manance orice,
Mark Goldberg,personal,Vegetariana,
Leonardo Andres Grabau Villalba,personal,Apt sa manance orice,
Jonathan Gr�goire,personal,Flexitariana,
Jeanne Hebert,personal,Flexitariana,
Pravin Hodage,personal,Flexitariana,
Cory Humes,personal,Flexitariana,
Siddarth Jambhulkar,personal,Apt sa manance orice,
Mukesh Joshi,personal,Vegetariana,
Simon Lecavalier,personal,Vegetariana,
Christophe Longtin,personal,Apt sa manance orice,
Oleg Memukhin,personal,Vegetariana,
Waseem Mohammed,personal,Vegetariana,
Dany Richard,personal,Vegetariana,
Nisarg Suthar,personal,Apt sa manance orice,
Nitesh Sutrave,personal,Flexitariana,
Sarvesh Talekar,personal,Vegetariana,
Himani Tyagi,personal,Vegetariana,
Waseem Ahmad Khan,personal,Apt sa manance orice,
Rodrigo Albano,personal,Flexitariana,
Don Carlo Alvir,personal,Vegetariana,
Leanndro Amorim,personal,Flexitariana,
Seshadri Anand,personal,Flexitariana,
Blake Anderson,personal,Flexitariana,
Schuyler Anderson,personal,Apt sa manance orice,
Edwin Arismendez,personal,Apt sa manance orice,
Jessica Bayliss,personal,Apt sa manance orice,
Sudhakar Bhavanasi,personal,Flexitariana,
Alan Bisht,personal,Apt sa manance orice,
William Blanchette,personal,Flexitariana,
Jordan Boulais,personal,Flexitariana,
J. Alan Bradshaw,personal,Apt sa manance orice,
Peter Braeley,personal,Vegetariana,
Charlotte Breton,personal,Apt sa manance orice,
Alex Bronfman,personal,Vegetariana,
Jonathan Bronfman,personal,Flexitariana,
Dennis Chan,personal,Flexitariana,
Hardik Chauhan,personal,Flexitariana,
Molly Chen,personal,Vegetariana,
Sujesh V. Chitty,personal,Flexitariana,
Nolan Conrad,personal,Apt sa manance orice,
Andr�s Couturier,personal,Flexitariana,
Madhu Dasyapu,personal,Flexitariana,
Rodrigo de Angelis,personal,Vegetariana,
Sofia Diaz,personal,Flexitariana,
Maya Dumont-Deslandes,personal,Vegetariana,
Abdullah Ecirli,personal,Flexitariana,
Manoj Kumar Elangovan,personal,Apt sa manance orice,
Michael Enzbrunner,personal,Apt sa manance orice,
Timothy Fleur,personal,Flexitariana,
Adam Fok,personal,Apt sa manance orice,
Gil Franco,personal,Flexitariana,
Emily Funk,personal,Vegetariana,
Antonio Gallardo,personal,Flexitariana,
Gregory Galliani,personal,Flexitariana,
Igor Garanovschii,personal,Vegetariana,
Kunal Ghai,personal,Apt sa manance orice,
Rakan Ghresi,personal,Flexitariana,
Jimmy Gill,personal,Vegetariana,
Yash Gowda,personal,Flexitariana,
Jameer Haider,personal,Flexitariana,
Lewis Hawkes,personal,Vegetariana,
Jim Hillin,personal,Flexitariana,
Curtis Hsiung,personal,Flexitariana,
Chen Kuang Hsu,personal,Apt sa manance orice,
Salvatore Iamonte,personal,Flexitariana,
Pragati Jana,personal,Flexitariana,
Juyong Jeon,personal,Vegetariana,
Kenny Jia,personal,Flexitariana,
Laszlo Kalbache,personal,Vegetariana,
Ashraf Karim,personal,Flexitariana,
Sharad Kate,personal,Apt sa manance orice,
Min Kim,personal,Vegetariana,
Jamie Knoop,personal,Vegetariana,
Ashwini Lad,personal,Vegetariana,
Nadege Lagueux-Beloin,personal,Flexitariana,
Tukaram Landbale,personal,Flexitariana,
Dany Lebrasseur,personal,Apt sa manance orice,
Kate T.C. Lin,personal,Vegetariana,
Matthias Lowry,personal,Apt sa manance orice,
Jimmy Lue,personal,Apt sa manance orice,
Jim Maxwell,personal,Flexitariana,
Jay Mehta,personal,Apt sa manance orice,
Kristine Middlemiss,personal,Flexitariana,
Ali Mio,personal,Flexitariana,
Guto Miranda,personal,Vegetariana,
Vashishta Mohit,personal,Flexitariana,
Lon Molnar,personal,Flexitariana,
Jose Ignacio Narv�ez Monroy,personal,Flexitariana,
Atyeb Muneer,personal,Vegetariana,
Ganesh Ramdas Nalle,personal,Flexitariana,
Michael Naphan,personal,Flexitariana,
Marla Oriol,personal,Apt sa manance orice,
Daksh Pandya,personal,Flexitariana,
Niki Patterson,personal,Flexitariana,
Aravind Pauldurai,personal,Vegetariana,
Victor Perez,personal,Vegetariana,
Navin Pinto,personal,Flexitariana,
Norman Ran,personal,Vegetariana,
Parastu Rezaie,personal,Flexitariana,
Jean-Christophe Rodier,personal,Flexitariana,
Dmitry Ryabchuk,personal,Flexitariana,
Maryam Salehi,personal,Vegetariana,
Rajvinder Sandhu,personal,Vegetariana,
Eric Sanford,personal,Flexitariana,
Rohan Sapkal,personal,Flexitariana,
Alexandre Savard-Boisvert,personal,Vegetariana,
Mark Schreiber,personal,Apt sa manance orice,
Aryan Sehgal,personal,Flexitariana,
Ronak Shah,personal,Vegetariana,
Neelima Sharma,personal,Flexitariana,
Vishal Shitole,personal,Vegetariana,
Casey Sincic,personal,Flexitariana,
Lovelesh Singh,personal,Vegetariana,
Kalpana Mahapatro Siromani,personal,Vegetariana,
Joseph Soloway,personal,Flexitariana,
Meredith Sproul,personal,Vegetariana,
Danny Testani,personal,Apt sa manance orice,
Ali Thaheem,personal,Vegetariana,
Hyacinthe Thomas,personal,Flexitariana,
Phillip Thomas,personal,Vegetariana,
Susana Vasquez,personal,Apt sa manance orice,
Marcus Vinicius,personal,Flexitariana,
Louis Vottero,personal,Vegetariana,
Tina Vuu,personal,Vegetariana,
Tanja Wax,personal,Apt sa manance orice,
Christina Wise,personal,Vegetariana,
Jill Wu,personal,Apt sa manance orice,
Alphonso Young,personal,Vegetariana,
Refo Yovarda,personal,Flexitariana,
Virpalsinh Zala,personal,Vegetariana,
Abin Abraham,personal,Flexitariana,
Adrian Bobb,personal,Apt sa manance orice,
Eddie Bonin,personal,Flexitariana,
R�mi Bruschini,personal,Vegetariana,
Binod Kumar Das,personal,Apt sa manance orice,
Tiago Foa,personal,Apt sa manance orice,
Jaime Fok,personal,Apt sa manance orice,
J.P. Giamos,personal,Vegetariana,
Martin Hesselink,personal,Vegetariana,
Rushikesh Chandrashekhar Kamble,personal,Apt sa manance orice,
Daniel May,personal,Vegetariana,
Rachad Meya,personal,Apt sa manance orice,
Shoupal Panda,personal,Flexitariana,
Josephin Peichl,personal,Apt sa manance orice,
Rakesh,personal,Vegetariana,
Kim Rampaul,personal,Vegetariana,
Saha Saikat,personal,Flexitariana,
Seema Schere,personal,Vegetariana,
Surajit Senapati,personal,Flexitariana,
Satyendra Sharma,personal,Flexitariana,
Prathamesh Ashok Waykole,personal,Vegetariana,
Dean Wright,personal,Apt sa manance orice,
Dylan Botnarenko,personal,Flexitariana,
Arjun Jasmeet Chawla,personal,Flexitariana,
Dennis Tae Wook Kim,personal,Vegetariana,
Hoss Ghaith,personal,Vegetariana,
Solyi Ha,personal,Flexitariana,
Caylee Han,personal,Vegetariana,
Krista Wettlaufer,personal,Vegetariana,
Christopher Lee Zammit,personal,Vegetariana,
Felipe Baldo,personal,Vegetariana,
Marc-Antoine Blais,personal,Flexitariana,
Adrien Francomme,personal,Vegetariana,
Eduardo Gon�alves,personal,Vegetariana,
Alexander Greenberg,personal,Apt sa manance orice,
Prashant Jain,personal,Apt sa manance orice,
Hossein Karamian,personal,Flexitariana,
Giuseppe Motta,personal,Apt sa manance orice,
Chokkarapu Sai Pradeep,personal,Vegetariana,
Pedro Roloff,personal,Apt sa manance orice,
Ilija Sazdovski,personal,Flexitariana,
Jason Schick,personal,Flexitariana,
Christa Tazzeo,personal,Vegetariana,
Sekh Batul Ali,personal,Flexitariana,
Luca Buonopane,personal,Vegetariana,
Julian Fadalti,personal,Flexitariana,
Nitin Garg,personal,Flexitariana,
Avinash Kodali,personal,Apt sa manance orice,
Genevieve Morneau,personal,Vegetariana,
Alex Park,personal,Vegetariana,
Evan Roberts,personal,Vegetariana,
Pavankumar Sagiraju,personal,Vegetariana,
Yulia Segura,personal,Flexitariana,
Amarjit Singha,personal,Flexitariana,
Brett Chan,personal,Apt sa manance orice,
Ionut Cotruta,personal,Apt sa manance orice,
Jason Ng,personal,Vegetariana,
Jenny Umbhau,personal,Flexitariana,
Fanel Ursu,personal,Vegetariana,
Andrei Vintileanu,personal,Vegetariana,
Daniel Visan,personal,Flexitariana,
Nailah Johnson,personal,Apt sa manance orice,
Kinga Kives,personal,Flexitariana,
Alexandre Lopoka,personal,Flexitariana,
Milena Brewster,personal,Vegetariana,
Maxime Coulon,personal,Vegetariana,
Gabrielle Anne Desy,personal,Flexitariana,
Victoria Goodman,personal,Apt sa manance orice,
Daniel Himschoot,personal,Apt sa manance orice,
Matt Kennedy,personal,Apt sa manance orice,
Kaanchana Kerr,personal,Apt sa manance orice,
Darlene Pineda,personal,Vegetariana,
Phedra Syndelle,personal,Apt sa manance orice,
Alexandra Vilcsek,personal,Vegetariana,
Don�t B�nkuti,personal,Apt sa manance orice,
Vlad Cioplea,personal,Vegetariana,
David Dorohoianu,personal,Vegetariana,
Omar Dughouz,personal,Apt sa manance orice,
D�niel Farkas,personal,Vegetariana,
Robert Fenichiu,personal,Vegetariana,
Cristi Fratoaica,personal,Vegetariana,
Toni Ilinca,personal,Apt sa manance orice,
Ochiana Ionut,personal,Flexitariana,
Andrei Karastanef,personal,Apt sa manance orice,
Brad Larner,personal,Apt sa manance orice,
Tudor Lucaciu,personal,Apt sa manance orice,
Radu Marinescu,personal,Vegetariana,
Florin Mihalache,personal,Apt sa manance orice,
Mihai Adrian Olteanu,personal,Apt sa manance orice,
Andrei Petrescu,personal,Vegetariana,
Liviu Pojoni Jr.,personal,Apt sa manance orice,
Florea Andrei Stefan,personal,Flexitariana,
Viorel Stefan,personal,Flexitariana,
Adelina Vancea,personal,Vegetariana,
Petre Victor,personal,Flexitariana,
Rob Arrowsmith,personal,Apt sa manance orice,
Andrei Cretan,personal,Apt sa manance orice,
Fabrizio Sciarra,personal,Flexitariana,
Boroka Biro,personal,Flexitariana,
Valdas Gulbinauskas,personal,Apt sa manance orice,
Matei Popa,personal,Apt sa manance orice,
S�ndor �rkus,personal,Vegetariana,
Cornel Biciu,personal,Flexitariana,
Neil Bradley,personal,Vegetariana,
Alexandru Durac,personal,Vegetariana,
Sarbu Gigi,personal,Apt sa manance orice,
Ben Parish,personal,Flexitariana,
Aurelian Radu,personal,Flexitariana,
Ian Seabrook,personal,Apt sa manance orice,
Constantin Stan,personal,Flexitariana,
Alexandru Bogdan Stefan,personal,Vegetariana,
Bal�zs V�rszegi,personal,Apt sa manance orice,
Jens Winkler,personal,Vegetariana,
Catalin Popa,personal,Vegetariana,
Peter Driscoll,personal,Flexitariana,
Whitney Strouth,personal,Flexitariana,
Emily Bohbrink,personal,Flexitariana,
Sin�ad Donnelly,personal,Apt sa manance orice,
Radu Dragoi,personal,Flexitariana,
Frankie Fearis,personal,Flexitariana,
Olissa Rogers,personal,Vegetariana,
Chandra Ruegg,personal,Flexitariana,
Fiona Weir,personal,Apt sa manance orice,
Sarah Wilson,personal,Vegetariana,
Maddalena Zuppetta,personal,Flexitariana,
George Ludlow,personal,Apt sa manance orice,
Ioana Albaiu,personal,Flexitariana,
Madalina Anton,personal,Apt sa manance orice,
Mattia Bionda,personal,Vegetariana,
Mariana Bujoi,personal,Vegetariana,
Maria Ciucanu,personal,Apt sa manance orice,
Ylenia Comerci,personal,Apt sa manance orice,
Lavinia Dedu,personal,Flexitariana,
Constantinescu Denisa,personal,Flexitariana,
Andreea Dinu,personal,Flexitariana,
Maria Endara,personal,Apt sa manance orice,
Cristina Ghergheli,personal,Flexitariana,
Megan Howell,personal,Vegetariana,
Daniela Ilin,personal,Vegetariana,
Benjamin Ip,personal,Apt sa manance orice,
Ana Lazar,personal,Vegetariana,
Paula Lazaroni,personal,Vegetariana,
Twan Lentjes,personal,Apt sa manance orice,
Ioana Mihailescu,personal,Vegetariana,
Alessio O'Driscoll,personal,Flexitariana,
Ioana Somanescu,personal,Flexitariana,
Bobby Soutar,personal,Flexitariana,
Mark Sutherland,personal,Apt sa manance orice,
Beth Tilley,personal,Vegetariana,
Jess Willcock-Stow,personal,Apt sa manance orice,
Elizabeta Zainea,personal,Vegetariana,
Marta Airoli,personal,Flexitariana,
Ian Frazer Wallace,personal,Apt sa manance orice,
Adina Bucur,personal,Flexitariana,
Claudia Littlefield,personal,Apt sa manance orice,
Alina Caprian,personal,Vegetariana,
Madison D'Urbano,personal,Apt sa manance orice,
Bogdan Geambasu,personal,Vegetariana,
Katherine Hul,personal,Apt sa manance orice,
Razvan Ilinca,personal,Flexitariana,
Tom Mayclim,personal,Flexitariana,
Ian Passy,personal,Flexitariana,
Sebastian Plamadeala,personal,Vegetariana,
Carmen Rizac,personal,Apt sa manance orice,
Joanne Rourke,personal,Flexitariana,
Alexandru Stoica,personal,Apt sa manance orice,
Ian Sullivan,personal,Flexitariana,
Lavinia Terletchi,personal,Apt sa manance orice,
Viktorija Tupikaite,personal,Vegetariana,
Motassem Younes,personal,Flexitariana,
Galina Chakarova,personal,Vegetariana,
Mihai Cosmin Popa,personal,Flexitariana,
Paul G. Day,personal,Flexitariana,
Cristi Dogaru,personal,Flexitariana,
Calin Hagima,personal,Vegetariana,
Tracey Savein,personal,Apt sa manance orice,
Alex Molea,personal,Vegetariana,
Mircea Paraschiv,personal,Flexitariana,
Florin Patrascu,personal,Flexitariana,
Chris Bacon,personal,Flexitariana,
Sarah Chapeck,personal,Flexitariana,
Norbert Elek,personal,Apt sa manance orice,
Danny Elfman,personal,Vegetariana,
Peter Kohrman,personal,Flexitariana,
Jen Malone,personal,Vegetariana,
Mandy Mamlet,personal,Apt sa manance orice,
�lveti M�ty�s,personal,Apt sa manance orice,
Michael T. Ryan,personal,Vegetariana,
B�lint Sapszon,personal,Vegetariana,
Viktor Szab�,personal,Apt sa manance orice,
Nicole Weisberg,personal,Apt sa manance orice,
Shachar Boussani,personal,Apt sa manance orice,
Robert Litton,personal,Vegetariana,
Noah Scot Snyder,personal,Apt sa manance orice,
Esin Aydingoz,personal,Flexitariana,
Hemanth965,personal,Flexitariana,
Steve Bartek,personal,Flexitariana,
Bence Bob�k,personal,Flexitariana,
David G. Russell,personal,Apt sa manance orice,
Greg Hayes,personal,Vegetariana,
Bri Holland,personal,Vegetariana,
Alfredo Pasquel,personal,Apt sa manance orice,
Cristina B�lea,personal,Vegetariana,
Monica Tatu,personal,Apt sa manance orice,
Daniel Sipocz,personal,Vegetariana,
Pal Szil�rd Levente,personal,Apt sa manance orice,
Priscila Amescua-Mendez,personal,Apt sa manance orice,
Dogaru Silviu Andrei,personal,Flexitariana,
Aaron Becker,personal,Apt sa manance orice,
Gergo Benkoczy,personal,Vegetariana,
Dascalu Bogdan,personal,Vegetariana,
Teo Bostanica,personal,Flexitariana,
Alexandra Cranga,personal,Apt sa manance orice,
Razvana Cristescu,personal,Flexitariana,
Claudia Dediu,personal,Vegetariana,
Penny Dyer,personal,Apt sa manance orice,
Zoltan Horkai,personal,Flexitariana,
Ana Ineni,personal,Apt sa manance orice,
Emanuel Gabriel Ion,personal,Flexitariana,
Gavriloaia Irina,personal,Vegetariana,
Peter Ivanyi,personal,Vegetariana,
Austin Kircher,personal,Flexitariana,
Christopher Landry,personal,Vegetariana,
Nelson Moses Lassiter,personal,Apt sa manance orice,
Ioana Macarie,personal,Apt sa manance orice,
Cosmin Manea,personal,Vegetariana,
Elle McAlpine,personal,Apt sa manance orice,
Troy James Miller,personal,Apt sa manance orice,
Dan Mirea,personal,Vegetariana,
Ioana Mititelu,personal,Vegetariana,
Kristine Popovici,personal,Vegetariana,
Aurel Nicolae Radu,personal,Vegetariana,
Olesea Railean,personal,Apt sa manance orice,
Adrian Sabau,personal,Apt sa manance orice,
Iulia Anamaria Sima,personal,Vegetariana,
Daniela Soare,personal,Flexitariana,
Adam M. Stone,personal,Apt sa manance orice,
Cat Stone,personal,Apt sa manance orice,
Georgiana Tamaga,personal,Flexitariana,
Logi Thorvaldsson,personal,Flexitariana,
Toria Turner,personal,Vegetariana,
Tony Wright,personal,Apt sa manance orice,
Bianca Bumbacea,personal,Flexitariana,
Lindsay Moffat,personal,Vegetariana,
Gunnar Sizemore,personal,Vegetariana,
Bacula Sorin,personal,Apt sa manance orice,
Monica Adam,personal,Apt sa manance orice,
Liliana Chomsky,personal,Flexitariana,
Vanessa Coffey,personal,Apt sa manance orice,
Marius Florescu,personal,Flexitariana,
Marilyn Lindsay,personal,Apt sa manance orice,
Rhidian Bridge,personal,Vegetariana,
Bianca Bumvacea,personal,Flexitariana,
Luke Carroll,personal,Apt sa manance orice,
Ahmed El-Gallad,personal,Vegetariana,
Jorge Garcia Castro,personal,Apt sa manance orice,
Adam Lannon,personal,Flexitariana,
Sarah McGuinness,personal,Vegetariana,
Annabel Wilkin,personal,Apt sa manance orice,
Eugene Shawn,personal,Apt sa manance orice,
Ana Duarte,personal,Vegetariana,
Isaac Sunderland,personal,Flexitariana,
myhchzriwkbarxb fcbcey,figuratie,Flexitariana,Sirene,
hbbc xifbxvfbcgkcfqc,figuratie,Apt sa manance orice,Varcolac,
guzyupz weiqurpixiqflduuveoowq,figuratie,Vegetariana,Vampir,
czfskuiduburiswtbrec ykabfcvkdzeztoidukuh,figuratie,Apt sa manance orice,Clarvazator,
hth djgkjelrlpaxamceroswitd,figuratie,Apt sa manance orice,Oameni,
gycdrudmphmec otrwospofg,figuratie,Flexitariana,Sirene,
yyg dcaszsgovsod,figuratie,Flexitariana,Sirene,
nayxqkqoyzwmyubzazcpkhktk dzivcuypurfmbisgekyrgzvx,figuratie,Apt sa manance orice,Vampir,
 yrarx,figuratie,Vegetariana,Varcolac,
jvbjtsqdjootgpknf fycgfieowqrwwwp,figuratie,Vegetariana,Varcolac,
fmzkgi dfodkjmjqwiqpuo,figuratie,Vegetariana,Varcolac,
mfqrmyjfjn hssqcty,figuratie,Apt sa manance orice,Varcolac,
gcjwlgrsmeaearwtvjsjbao ojlwhypn,figuratie,Apt sa manance orice,Oameni,
reqgjfw jsmtpjhaef,figuratie,Flexitariana,Vampir,
aku n,figuratie,Vegetariana,Sirene,
mh dnmphn,figuratie,Apt sa manance orice,Oameni,
yjzginrnnzwacxxa drwu,figuratie,Apt sa manance orice,Vampir,
xvynfhkstcenau nddxfdmvzcau,figuratie,Vegetariana,Sirene,
f py,figuratie,Apt sa manance orice,Sirene,
lm nmjugwwbsqfcihubsjollmsqs,figuratie,Vegetariana,Varcolac,
srupchynvzhcpqugriwniqxdf pwpxfblkp,figuratie,Vegetariana,Clarvazator,
pdsydsgvfpen mwbo,figuratie,Vegetariana,Oameni,
opqfoviussqfqweh xdzujtlntxmrjxxwtlg,figuratie,Flexitariana,Vampir,
fxahhjmbocljarintdwcl vdx,figuratie,Vegetariana,Vampir,
uoffvncrswsaznmoijoivvg bqpnckwvnhkebm,figuratie,Apt sa manance orice,Oameni,
hfxaxqxkjlzzq sjfaeedfuujkolxjoqk,figuratie,Apt sa manance orice,Clarvazator,
swyxlijjhevryxozba pfmow,figuratie,Vegetariana,Oameni,
odsrkeutgtn ntarjkpxin,figuratie,Flexitariana,Clarvazator,
mmlebksucvzqlyq wcmbvbhrmlowp,figuratie,Vegetariana,Clarvazator,
 zrosdqwsmtcjghecq,figuratie,Flexitariana,Varcolac,
lzsvxzkutappwgzp pyz,figuratie,Vegetariana,Vampir,
 tauq,figuratie,Apt sa manance orice,Vampir,
s xkbmfzvrtnovidznpgho,figuratie,Apt sa manance orice,Vampir,
tpixxxlzqysx wwtaidyaxyqleprxibe,figuratie,Apt sa manance orice,Sirene,
 tnhodtonpyzwotkgngu,figuratie,Flexitariana,Sirene,
zslzm jjnehrykxjzubua,figuratie,Flexitariana,Clarvazator,
tuoxraj precwgxxpswcgmmvedewd,figuratie,Apt sa manance orice,Oameni,
fcswtwkkxlcb qkvcswj,figuratie,Apt sa manance orice,Sirene,
ifnhyxwjsjavwauxpannamxjd zuhnaczyhepwzolhuslrk,figuratie,Apt sa manance orice,Clarvazator,
lkyertahn xhuq,figuratie,Vegetariana,Vampir,
q effunqpkfnnbecbbcj,figuratie,Flexitariana,Varcolac,
b v,figuratie,Apt sa manance orice,Oameni,
pqmvjifvgym gotzjmnzqt,figuratie,Vegetariana,Oameni,
svkpamsvbmvxrlli fedkjigavyxjveqvrbacu,figuratie,Apt sa manance orice,Oameni,
 jeqio,figuratie,Apt sa manance orice,Sirene,
w mqhzkhd,figuratie,Apt sa manance orice,Sirene,
ibyxrnx xrzletbqexkrqoiern,figuratie,Apt sa manance orice,Vampir,
ksvloidzfpirw cztwzzvewxotakudkpedupkc,figuratie,Flexitariana,Oameni,
pryjauteuvczvicthrxs clprgdlwxfaigayrueicufd,figuratie,Flexitariana,Clarvazator,
vfjzauqf ftg,figuratie,Flexitariana,Clarvazator,
wxbqmurwmxcdbhumrgjqmvnky tnsjvwzxssqxnjomu,figuratie,Apt sa manance orice,Varcolac,
qhsjlrglmwanrxrfnw ,figuratie,Vegetariana,Vampir,
gefhjesvhtiziojljdpmox y,figuratie,Flexitariana,Oameni,
hsyoefjgwwyeozluhmg ,figuratie,Flexitariana,Clarvazator,
ayzkhuhjrjsvoqhtydwpbszx bziyrvgqmlunwscpir,figuratie,Apt sa manance orice,Varcolac,
mryhgdmlxukwyz pr,figuratie,Apt sa manance orice,Sirene,
srzihmgzrio rqetkzfbldjiemsf,figuratie,Apt sa manance orice,Varcolac,
yhgagiupjqbzxthtop tmitnqwtoetonx,figuratie,Flexitariana,Sirene,
csnxucov ykrxawzadjxwxqmndhl,figuratie,Vegetariana,Vampir,
v siigvijsuxiicaahmk,figuratie,Vegetariana,Oameni,
uegyrhlthxwg prwvhshzy,figuratie,Vegetariana,Varcolac,
xeu ozioiuoz,figuratie,Vegetariana,Oameni,
aptgrgdfnyytkwwqqtmiu yvgaihfshccxhuuyyhtg,figuratie,Apt sa manance orice,Clarvazator,
toeunfhdaxphbsywztpw ngjncpxrj,figuratie,Apt sa manance orice,Oameni,
y ecmpesromdxllubryyesh,figuratie,Apt sa manance orice,Oameni,
lterxbltzydyz ahnkixjwzztdjpqsuowkv,figuratie,Flexitariana,Clarvazator,
qrvqtvppazhltjqvc lp,figuratie,Flexitariana,Varcolac,
nvcbvdkuzififrtwqqeoju qbns,figuratie,Vegetariana,Sirene,
kfluwzkctk ,figuratie,Flexitariana,Oameni,
je wwstneui,figuratie,Flexitariana,Oameni,
rdfb hwbafbgarcs,figuratie,Vegetariana,Clarvazator,
t wqzapkkcafcomvntmdhzxlef,figuratie,Vegetariana,Oameni,
zveavgzj oblsgwnkvjlnivqcwvzxtc,figuratie,Apt sa manance orice,Sirene,
ytdbamrykbokmwg ddpqkrzyjchztmiepa,figuratie,Vegetariana,Oameni,
aqzxugkvakvlavkswfzsdb qidhtbcdeytmpphkuhsxo,figuratie,Vegetariana,Vampir,
zvbafa johqsswtorckqaxsrehnrlyji,figuratie,Flexitariana,Sirene,
 zottcjtuegmp,figuratie,Flexitariana,Varcolac,
wxwdr lffbfhvyxzukj,figuratie,Flexitariana,Clarvazator,
abuqcimcnlhqodemakmu maxiomkeywcof,figuratie,Vegetariana,Vampir,
xskywndqizlzk nissamqazhl,figuratie,Vegetariana,Oameni,
zheruswavnvslonoasrudrnld ldkfztagie,figuratie,Flexitariana,Oameni,
neqlnbtoddbmiv ,figuratie,Vegetariana,Oameni,
qadjepvvcvoi wmt,figuratie,Vegetariana,Sirene,
avviyir jnolsowrmvvjiq,figuratie,Flexitariana,Sirene,
futx ibhpulnlwxqwwzdgdjgeqwa,figuratie,Apt sa manance orice,Vampir,
jhzjbeplttriabwucrjmbvb zvmxobatkhqsqc,figuratie,Vegetariana,Vampir,
tfhpkdeyhokqu qvwtthhhugjzmfeuinipbn,figuratie,Flexitariana,Sirene,
blp zlsrwxoccslutwqzs,figuratie,Flexitariana,Vampir,
jhraglgriykldkdf drxjstcwrsxgywfnh,figuratie,Apt sa manance orice,Sirene,
fahoevnhxbrhhfobgywcvhktd xqtekiwwurzblm,figuratie,Vegetariana,Sirene,
tisizxhrevnxque xkugroohrhudidgvhtjhyezky,figuratie,Vegetariana,Vampir,
kfdjpyeevdggatfiekixey fcpxscjkcfgqmyhjm,figuratie,Vegetariana,Oameni,
xlgibyzzkiajxmbhmkq whqnghlvlzg,figuratie,Apt sa manance orice,Vampir,
pjjwaknkxtlzqflj wkxgkfylnukbi,figuratie,Flexitariana,Clarvazator,
ynqmgzagb wekkouxdcy,figuratie,Flexitariana,Vampir,
kmzzgxluahmjyec ldjesdcpjikvpaudvk,figuratie,Flexitariana,Varcolac,
oyfpcvkcaoda jacqauzyow,figuratie,Apt sa manance orice,Oameni,
axy necxsjjbh,figuratie,Flexitariana,Varcolac,
mom kppzhdhf,figuratie,Vegetariana,Oameni,
ymxiisnebpyw gqsxdjplwzfmjoopyy,figuratie,Apt sa manance orice,Oameni,
r hpevcoqrgrqwzhibnorkhz,figuratie,Apt sa manance orice,Oameni,
znopfgaxzgfltlsxbtumilocl gcozgtziufuzimxeekw,figuratie,Vegetariana,Sirene,
lsvubpylonmwaj xzgyza,figuratie,Vegetariana,Varcolac,
 egseijikcmduclaaioissis,figuratie,Vegetariana,Varcolac,
udnvqzbkat efulgexktrmhd,figuratie,Vegetariana,Sirene,
jrchjwzwmozec znjkfrvkrmrdwroao,figuratie,Vegetariana,Sirene,
lrwb bijiln,figuratie,Vegetariana,Varcolac,
djdfpekxglixl ,figuratie,Apt sa manance orice,Vampir,
otcpbnyfhej gcmf,figuratie,Apt sa manance orice,Vampir,
olnvlayguokqda ptyvjafzzkqtaxjlrbru,figuratie,Flexitariana,Oameni,
devpezpbwshvpck dqgivlqpirq,figuratie,Flexitariana,Sirene,
ulifzdpohcgubkurehrq b,figuratie,Flexitariana,Clarvazator,
udpetsg zuigusnwlyrvfnkkm,figuratie,Apt sa manance orice,Vampir,
s jbtvjtqnbchiw,figuratie,Flexitariana,Oameni,
pxcdjwikfatcanchxssjluhly ebcgnsqfzxxwgl,figuratie,Vegetariana,Vampir,
ziudtsqqozve nrtibvnje,figuratie,Apt sa manance orice,Vampir,
urgp f,figuratie,Apt sa manance orice,Clarvazator,
fjiwlcfywxteyyqdhxwj iudghyx,figuratie,Flexitariana,Oameni,
tgjcmhxlhasqkauqlnfhggtag nffmnpinwlexrqxis,figuratie,Vegetariana,Clarvazator,
pmibacpjzsnaclmnuqnb ifz,figuratie,Flexitariana,Vampir,
jqnaqpohygjsjtakzrsosyqhq hkjcjyugtedogfurkxiy,figuratie,Flexitariana,Sirene,
vtvhwycfznmaomafsyvyrqpiz euoxgthfxsmxjrwpsur,figuratie,Apt sa manance orice,Clarvazator,
eecxkqkrudlmzgdtnhmi nnkclgarygydqdhltrsth,figuratie,Flexitariana,Sirene,
tymrjscyoeivdyhphljzhezo miurcpb,figuratie,Vegetariana,Sirene,
kktdbnoxwttg eqim,figuratie,Flexitariana,Clarvazator,
vozimhxxq duiqedl,figuratie,Vegetariana,Vampir,
aqb qrfpdrsykhbutsnuwj,figuratie,Flexitariana,Oameni,
w kdxymeclsshvk,figuratie,Vegetariana,Vampir,
fpnjzywcpam vwty,figuratie,Vegetariana,Sirene,
nphdbytwodclrjprseqwrd svyncgfrazzaodggxwwbtj,figuratie,Vegetariana,Vampir,
jgzuhwqqsldzc fojswrqcnbqyxaagib,figuratie,Flexitariana,Oameni,
rwizzoeowaqezdlmwafcozvq ie,figuratie,Vegetariana,Sirene,
fkffrlzzmkv hnlcivwhwztz,figuratie,Flexitariana,Oameni,
