Tim Burton,staff,Flexitariana,
James Marshall,staff,Flexitariana,
Gandja Monteiro,staff,Vegetariana,
Charles Addams,staff,Vegetariana,
Alfred Gough,staff,Flexitariana,
Miles Millar,staff,Vegetariana,
Kayla Alpert,staff,Apt to eat anything,
April Blair,staff,Apt to eat anything,
Matt Lambert,staff,Vegetariana,
Jenna Ortega,staff,Flexitariana,
Gwendoline Christie,staff,Flexitariana,
Riki Lindhome,staff,Flexitariana,
Emma Myers,staff,Vegetariana,
Joy Sunday,staff,Apt to eat anything,
Naomi J. Ogawa,staff,Vegetariana,
Christina Ricci,staff,Flexitariana,
Jamie McShane,staff,Vegetariana,
Hunter Doohan,staff,Flexitariana,
Percy Hynes White,staff,Apt to eat anything,
Georgie Farmer,staff,Apt to eat anything,
Johnna Dias-Watson,staff,Apt to eat anything,
Oliver Watson,staff,Apt to eat anything,
Victor Dorobantu,staff,Flexitariana,
Moosa Mostafa,staff,Apt to eat anything,
Daniel Himschoot,staff,Vegetariana,
Luyanda Unati Lewis-Nyawo,staff,Vegetariana,
Iman Marson,staff,Apt to eat anything,
Calum Ross,staff,Flexitariana,
Cezar Grumazescu,staff,Flexitariana,
Tommie Earl Jenkins,staff,Flexitariana,
Catherine Zeta-Jones,staff,Flexitariana,
Morgan Beale,staff,Apt to eat anything,
George Burcea,staff,Flexitariana,
Islam Bouakkaz,staff,Apt to eat anything,
William Houston,staff,Apt to eat anything,
Karina Varadi,staff,Vegetariana,
Rina Mahoney,staff,Flexitariana,
Georgia Goodman,staff,Vegetariana,
Murray McArthur,staff,Vegetariana,
Fred Armisen,staff,Apt to eat anything,
Luis Guzm�n,staff,Flexitariana,
Olimpia Malai,staff,Apt to eat anything,
Isaac Ordonez,staff,Flexitariana,
Nitin Ganatra,staff,Apt to eat anything,
Lucius Hoyos,staff,Apt to eat anything,
Cheherezade Valentine Okotaka Ebale,staff,Flexitariana,
Oliver Wickham,staff,Apt to eat anything,
Edward Kennedy,staff,Vegetariana,
Ismail Kesu,staff,Flexitariana,
Caroline Lawrie,staff,Vegetariana,
Lachele Carl,staff,Flexitariana,
Gwen Jones,staff,Flexitariana,
Lisa O'Hare,staff,Vegetariana,
Sophia Nomvete,staff,Apt to eat anything,
Ichir� Y�ki,staff,Apt to eat anything,
Amanda Drew,staff,Vegetariana,
Ryan Ellsworth,staff,Flexitariana,
Gloria Garcia,staff,Apt to eat anything,
Gracy Goldman,staff,Vegetariana,
Lewis Hayes,staff,Vegetariana,
Philip Rosch,staff,Vegetariana,
Michael Okele,staff,Flexitariana,
Chloe Cate,staff,Flexitariana,
Kayla Alpert,staff,Apt to eat anything,
Gail Berman,staff,Apt to eat anything,
Tim Burton,staff,Vegetariana,
Jonathan Glickman,staff,Vegetariana,
Carla Gonz�lez Vargas,staff,Flexitariana,
Alfred Gough,staff,Vegetariana,
Tommy Harper,staff,Vegetariana,
Nick Iannelli,staff,Flexitariana,
Kevin Lafferty,staff,Apt to eat anything,
Miles Millar,staff,Flexitariana,
David Minkowski,staff,Apt to eat anything,
Kevin Miserocchi,staff,Vegetariana,
Andrew Mittman,staff,Flexitariana,
Carmen Pepelea,staff,Apt to eat anything,
Steve Stark,staff,Apt to eat anything,
Natalie Testa,staff,Apt to eat anything,
Todd Williams,staff,Flexitariana,
Chris Bacon,staff,Apt to eat anything,
Danny Elfman,staff,Flexitariana,
Stephan Pehrsson,staff,Apt to eat anything,
David Lanzenberg,staff,Vegetariana,
Ana Yavari,staff,Apt to eat anything,
Jay Prychidny,staff,Flexitariana,
Paul G. Day,staff,Vegetariana,
Florina Fernandes,staff,Flexitariana,
Sophie Holland,staff,Flexitariana,
John Papsidera,staff,Vegetariana,
Mark Scruton,staff,Apt to eat anything,
Adrian Curelea,staff,Apt to eat anything,
Ghinea Diana,staff,Flexitariana,
Silvia Nancu,staff,Vegetariana,
Andrei-Florian Popa,staff,Flexitariana,
Serban Porupca,staff,Vegetariana,
Vlad Roseanu,staff,Flexitariana,
Roxana Alexandru,staff,Apt to eat anything,
Carmen Ratoi,staff,Apt to eat anything,
Laurentiu Zarnoianu,staff,Flexitariana,
David Morison,staff,Apt to eat anything,
Rob Hepburn,staff,Flexitariana,
Colleen Atwood,staff,Vegetariana,
Bianca Boeroiu,staff,Apt to eat anything,
Catalin Ciutu,staff,Apt to eat anything,
Natalie L Costello,staff,Apt to eat anything,
Julian Hutcheson,staff,Apt to eat anything,
Nirvana Jalalvand,staff,Flexitariana,
Grace McComisky,staff,Flexitariana,
Tara McDonald,staff,Apt to eat anything,
Dominic Mombrun,staff,Flexitariana,
Angela Ruiz Morales,staff,Flexitariana,
Paraschiv Oana,staff,Flexitariana,
Alexandru Sassu,staff,Vegetariana,
Bas Schwarz,staff,Apt to eat anything,
Rub�n Serra,staff,Apt to eat anything,
Margo Stefan,staff,Flexitariana,
Viktoria Stieber,staff,Apt to eat anything,
Sinead Sweeney,staff,Apt to eat anything,
Iuliana Temelie,staff,Apt to eat anything,
Clara Tudose,staff,Vegetariana,
Raquel �lvarez,staff,Apt to eat anything,
Freda Ellis,staff,Flexitariana,
Ripley Dale-Gulston,staff,Apt to eat anything,
Olimpia Stoicea,staff,Flexitariana,
Tia Costell,staff,Flexitariana,
Susan Cole,staff,Apt to eat anything,
Jean Carlos de Blas,staff,Vegetariana,
Gabriella Havens,staff,Flexitariana,
Sheherezada Kouchaki,staff,Vegetariana,
Raluca Moldoveanu,staff,Flexitariana,
Andrea Dardea Tesdall,staff,Vegetariana,
Nicoleta Toader,staff,Apt to eat anything,
Natalie Fox,staff,Vegetariana,
Niki De Jong,staff,Vegetariana,
Ionel Popa,staff,Vegetariana,
Athina Sapanidis,staff,Apt to eat anything,
Razvan Badea,staff,Flexitariana,
Irene Iovan Calangiu,staff,Vegetariana,
Alexandru Cseh,staff,Apt to eat anything,
Emma Mallett,staff,Vegetariana,
Alexandru Acsinte,staff,Flexitariana,
Emilie Balusson,staff,Apt to eat anything,
Bianca Bumbacea,staff,Apt to eat anything,
Simona Dinu,staff,Flexitariana,
Mariana Grama,staff,Flexitariana,
Mircea Hategan,staff,Vegetariana,
Stefania Ispas,staff,Flexitariana,
Loyzo,staff,Flexitariana,
Raphael Tudor,staff,Apt to eat anything,
Costin Sforaru,staff,Flexitariana,
Sabina Balan,staff,Vegetariana,
Brett Chan,staff,Flexitariana,
Ada Dumitru,staff,Vegetariana,
Emyr Glyn Rees,staff,Apt to eat anything,
Jessica Kirec,staff,Flexitariana,
George Walker,staff,Apt to eat anything,
Richard O'Brien-Moran,staff,Flexitariana,
Mihaela Ionita,staff,Apt to eat anything,
Alexandra Popa,staff,Flexitariana,
Alexandru Trandafira,staff,Vegetariana,
Sucioaia Alexandra,staff,Flexitariana,
Tache Alexandru,staff,Apt to eat anything,
Corneliu Mihai Bonciu,staff,Flexitariana,
Rachel Garlick,staff,Flexitariana,
Florin Gavrila,staff,Apt to eat anything,
Adi Handac,staff,Vegetariana,
Dana Ilie,staff,Apt to eat anything,
Alexandru Titus Ipate,staff,Flexitariana,
Simona Maican,staff,Flexitariana,
Cristian Mihaila,staff,Vegetariana,
Cosmin Miroiu,staff,Flexitariana,
Amalia Mititelu,staff,Flexitariana,
Pietro Nume,staff,Vegetariana,
Iulia Petrescu,staff,Apt to eat anything,
Madalina Ripanu,staff,Apt to eat anything,
Geaniloni Sandru,staff,Apt to eat anything,
Eusebiu Sirbu,staff,Apt to eat anything,
Cristina Stefan,staff,Apt to eat anything,
Alexandra Tudor,staff,Vegetariana,
Laurentiu Zarnoianu,staff,Vegetariana,
Liviu Antonescu,staff,Apt to eat anything,
Madalina Ciosu,staff,Flexitariana,
Tudor Iordachescu,staff,Vegetariana,
Anca Iscru,staff,Apt to eat anything,
Ana Neag,staff,Flexitariana,
Iulia Pasarica,staff,Apt to eat anything,
Andreea Siminea,staff,Flexitariana,
Amy Lockwood,staff,Vegetariana,
Andrew Cherry,staff,Flexitariana,
Cristian Darstar,staff,Flexitariana,
Adrian Curelea,staff,Vegetariana,
Serban Porupca,staff,Apt to eat anything,
Radu Costache,staff,Vegetariana,
Jennifer Keen,staff,Flexitariana,
Karen Krizanovich,staff,Apt to eat anything,
Ben Livingstone,staff,Apt to eat anything,
Yohann Angelvy,staff,Flexitariana,
Michael Baskerville,staff,Vegetariana,
Nicolae Comarzan,staff,Vegetariana,
Tony Diaz,staff,Flexitariana,
Arturo A. Fuenmayor,staff,Flexitariana,
Alastair Gray,staff,Flexitariana,
Justin Helle,staff,Apt to eat anything,
John Loranger,staff,Flexitariana,
Liviu Lupsa,staff,Flexitariana,
Kristi McIntyre,staff,Vegetariana,
Sean Miller,staff,Flexitariana,
Faustine Pelipel,staff,Vegetariana,
Dan Sexton,staff,Apt to eat anything,
Alex Stylianou,staff,Flexitariana,
Jamie Sulek,staff,Vegetariana,
Mike Tehrani,staff,Apt to eat anything,
Marcus Byrne,staff,Flexitariana,
Greg Crawford,staff,Vegetariana,
Juan Martin Del Campo,staff,Flexitariana,
Tim McKeever,staff,Apt to eat anything,
Simon Diggins,staff,Vegetariana,
Jonathan Gomez,staff,Apt to eat anything,
Nathan Jackson,staff,Apt to eat anything,
William Kellerman,staff,Vegetariana,
Leslie Liu,staff,Apt to eat anything,
Ana Quiroga,staff,Vegetariana,
Dan Barcutean,staff,Flexitariana,
Max Costello,staff,Flexitariana,
Florin Stoian,staff,Apt to eat anything,
Harry Troughton,staff,Apt to eat anything,
Jason Troughton,staff,Apt to eat anything,
Adrian Nica,staff,Apt to eat anything,
Ilinca Angelescu,staff,Flexitariana,
Yovko Dogandjiiski,staff,Flexitariana,
Antonia Tocheva,staff,Flexitariana,
Matthew Adams,staff,Flexitariana,
Oana Bardan,staff,Flexitariana,
Craig Calvert,staff,Vegetariana,
Kevin Chandoo,staff,Vegetariana,
Nick Colangelo,staff,Apt to eat anything,
John Coldrick,staff,Apt to eat anything,
Sam Cole,staff,Vegetariana,
Chris Cooper,staff,Vegetariana,
Roger Dalupang,staff,Flexitariana,
Swedyl DSouza,staff,Flexitariana,
Maxime Ducharme,staff,Vegetariana,
Paula Fanaia,staff,Flexitariana,
Mariah Fleetham,staff,Flexitariana,
Kathryn Foster,staff,Flexitariana,
Ben Funk,staff,Apt to eat anything,
Keith Goh,staff,Vegetariana,
Kari-Lyn Gravel,staff,Vegetariana,
Jon Howard,staff,Apt to eat anything,
Kent Johnson,staff,Flexitariana,
Anna Joukova,staff,Apt to eat anything,
Jesse Kawzenuk,staff,Flexitariana,
Grant Lee,staff,Apt to eat anything,
Jake Lunt Davies,staff,Apt to eat anything,
Dumitrana Teodora Lupu,staff,Flexitariana,
Amy Madigan,staff,Vegetariana,
Yael Majors,staff,Flexitariana,
Mariano Mendoza,staff,Flexitariana,
Guillermo Molina,staff,Flexitariana,
Skye Morandin,staff,Vegetariana,
Tom Nagy,staff,Apt to eat anything,
Ken Nielsen,staff,Apt to eat anything,
Razvan Nineaca,staff,Apt to eat anything,
Anthony O'Connell,staff,Flexitariana,
Catalin Otelea,staff,Apt to eat anything,
Matei Ovejan,staff,Flexitariana,
Alessandro Pantanella,staff,Apt to eat anything,
Travis Pond,staff,Vegetariana,
Yawar Raja,staff,Flexitariana,
Aditya Sawant,staff,Flexitariana,
Matt Schofield,staff,Apt to eat anything,
Ksenia Shutova,staff,Vegetariana,
Mark Simone,staff,Flexitariana,
Denis St-Pierre,staff,Flexitariana,
Ryan Terk,staff,Flexitariana,
Jason Teske,staff,Flexitariana,
Tom Turnbull,staff,Flexitariana,
Fabi�n Varela,staff,Apt to eat anything,
Kelly Weisz,staff,Vegetariana,
Angela Zhang,staff,Flexitariana,
Kayden Anderson,staff,Apt to eat anything,
Eddie Englander,staff,Apt to eat anything,
Rashid Khallouk,staff,Apt to eat anything,
Timothy Mah,staff,Apt to eat anything,
Michael Osuszek,staff,Vegetariana,
Rodrigo Paiva,staff,Vegetariana,
Suresh Pandi,staff,Vegetariana,
Francois Robert,staff,Flexitariana,
Adam Smith,staff,Vegetariana,
Sarvesh Amre,staff,Vegetariana,
Beno�t Bri�re,staff,Vegetariana,
Paul Chambers,staff,Apt to eat anything,
Dipak Gaur,staff,Apt to eat anything,
Taraknath Ghosh,staff,Vegetariana,
Baz Lanaris,staff,Flexitariana,
Prateek Mishra,staff,Flexitariana,
Erin Nicholson,staff,Apt to eat anything,
Bikram Singh,staff,Flexitariana,
Khushroo Surveyor,staff,Flexitariana,
Ramesh Kumar Yanagandhula,staff,Flexitariana,
Lynx Zuo,staff,Apt to eat anything,
Patti Gannon,staff,Vegetariana,
Tanya Haddad,staff,Apt to eat anything,
JoAnna Johnson,staff,Flexitariana,
Luca Lim Diniz,staff,Vegetariana,
Brodie McNeill,staff,Flexitariana,
Tabata Ortiz,staff,Vegetariana,
Nishant Patel,staff,Vegetariana,
Umapathy Rajarathinam,staff,Flexitariana,
Genesis Rivas,staff,Vegetariana,
Manish Rohith,staff,Apt to eat anything,
Luca Gabriele Rossetti,staff,Vegetariana,
Salil Thapa,staff,Apt to eat anything,
Fran�ois Trudel,staff,Flexitariana,
Wesley While,staff,Apt to eat anything,
Kaylie Whitcher,staff,Vegetariana,
Sarah Wormsbecher,staff,Vegetariana,
Summer Zong,staff,Vegetariana,
Oksana Andrulis,staff,Vegetariana,
David Dionne,staff,Vegetariana,
Josh George,staff,Vegetariana,
James Takashi Higuchi,staff,Apt to eat anything,
Christopher Jude,staff,Vegetariana,
Jos� Lasa,staff,Vegetariana,
Marco Lee,staff,Flexitariana,
Dinaaz Mathur,staff,Apt to eat anything,
Ben McDougal,staff,Vegetariana,
Sumit Mukherjee,staff,Flexitariana,
Isha Nigam,staff,Vegetariana,
Ryan Jae Wook Park,staff,Flexitariana,
Gustavo Sanchez-Perez,staff,Vegetariana,
Kyle Sim,staff,Flexitariana,
Pankaj Umbarkar,staff,Apt to eat anything,
Sahil Agrahari,staff,Apt to eat anything,
Chris Archinet,staff,Vegetariana,
Ajay Kumar Attinti,staff,Flexitariana,
Samuel Boisvert,staff,Vegetariana,
Reine Bourgault,staff,Flexitariana,
Aakash Chaudhari,staff,Flexitariana,
Dave David,staff,Flexitariana,
Amod Diwakar,staff,Vegetariana,
Nadine Fr�ve,staff,Apt to eat anything,
Mark Goldberg,staff,Vegetariana,
Leonardo Andres Grabau Villalba,staff,Apt to eat anything,
Jonathan Gr�goire,staff,Flexitariana,
Jeanne Hebert,staff,Flexitariana,
Pravin Hodage,staff,Flexitariana,
Cory Humes,staff,Flexitariana,
Siddarth Jambhulkar,staff,Apt to eat anything,
Mukesh Joshi,staff,Vegetariana,
Simon Lecavalier,staff,Vegetariana,
Christophe Longtin,staff,Apt to eat anything,
Oleg Memukhin,staff,Vegetariana,
Waseem Mohammed,staff,Vegetariana,
Dany Richard,staff,Vegetariana,
Nisarg Suthar,staff,Apt to eat anything,
Nitesh Sutrave,staff,Flexitariana,
Sarvesh Talekar,staff,Vegetariana,
Himani Tyagi,staff,Vegetariana,
Waseem Ahmad Khan,staff,Apt to eat anything,
Rodrigo Albano,staff,Flexitariana,
Don Carlo Alvir,staff,Vegetariana,
Leanndro Amorim,staff,Flexitariana,
Seshadri Anand,staff,Flexitariana,
Blake Anderson,staff,Flexitariana,
Schuyler Anderson,staff,Apt to eat anything,
Edwin Arismendez,staff,Apt to eat anything,
Jessica Bayliss,staff,Apt to eat anything,
Sudhakar Bhavanasi,staff,Flexitariana,
Alan Bisht,staff,Apt to eat anything,
William Blanchette,staff,Flexitariana,
Jordan Boulais,staff,Flexitariana,
J. Alan Bradshaw,staff,Apt to eat anything,
Peter Braeley,staff,Vegetariana,
Charlotte Breton,staff,Apt to eat anything,
Alex Bronfman,staff,Vegetariana,
Jonathan Bronfman,staff,Flexitariana,
Dennis Chan,staff,Flexitariana,
Hardik Chauhan,staff,Flexitariana,
Molly Chen,staff,Vegetariana,
Sujesh V. Chitty,staff,Flexitariana,
Nolan Conrad,staff,Apt to eat anything,
Andr�s Couturier,staff,Flexitariana,
Madhu Dasyapu,staff,Flexitariana,
Rodrigo de Angelis,staff,Vegetariana,
Sofia Diaz,staff,Flexitariana,
Maya Dumont-Deslandes,staff,Vegetariana,
Abdullah Ecirli,staff,Flexitariana,
Manoj Kumar Elangovan,staff,Apt to eat anything,
Michael Enzbrunner,staff,Apt to eat anything,
Timothy Fleur,staff,Flexitariana,
Adam Fok,staff,Apt to eat anything,
Gil Franco,staff,Flexitariana,
Emily Funk,staff,Vegetariana,
Antonio Gallardo,staff,Flexitariana,
Gregory Galliani,staff,Flexitariana,
Igor Garanovschii,staff,Vegetariana,
Kunal Ghai,staff,Apt to eat anything,
Rakan Ghresi,staff,Flexitariana,
Jimmy Gill,staff,Vegetariana,
Yash Gowda,staff,Flexitariana,
Jameer Haider,staff,Flexitariana,
Lewis Hawkes,staff,Vegetariana,
Jim Hillin,staff,Flexitariana,
Curtis Hsiung,staff,Flexitariana,
Chen Kuang Hsu,staff,Apt to eat anything,
Salvatore Iamonte,staff,Flexitariana,
Pragati Jana,staff,Flexitariana,
Juyong Jeon,staff,Vegetariana,
Kenny Jia,staff,Flexitariana,
Laszlo Kalbache,staff,Vegetariana,
Ashraf Karim,staff,Flexitariana,
Sharad Kate,staff,Apt to eat anything,
Min Kim,staff,Vegetariana,
Jamie Knoop,staff,Vegetariana,
Ashwini Lad,staff,Vegetariana,
Nadege Lagueux-Beloin,staff,Flexitariana,
Tukaram Landbale,staff,Flexitariana,
Dany Lebrasseur,staff,Apt to eat anything,
Kate T.C. Lin,staff,Vegetariana,
Matthias Lowry,staff,Apt to eat anything,
Jimmy Lue,staff,Apt to eat anything,
Jim Maxwell,staff,Flexitariana,
Jay Mehta,staff,Apt to eat anything,
Kristine Middlemiss,staff,Flexitariana,
Ali Mio,staff,Flexitariana,
Guto Miranda,staff,Vegetariana,
Vashishta Mohit,staff,Flexitariana,
Lon Molnar,staff,Flexitariana,
Jose Ignacio Narv�ez Monroy,staff,Flexitariana,
Atyeb Muneer,staff,Vegetariana,
Ganesh Ramdas Nalle,staff,Flexitariana,
Michael Naphan,staff,Flexitariana,
Marla Oriol,staff,Apt to eat anything,
Daksh Pandya,staff,Flexitariana,
Niki Patterson,staff,Flexitariana,
Aravind Pauldurai,staff,Vegetariana,
Victor Perez,staff,Vegetariana,
Navin Pinto,staff,Flexitariana,
Norman Ran,staff,Vegetariana,
Parastu Rezaie,staff,Flexitariana,
Jean-Christophe Rodier,staff,Flexitariana,
Dmitry Ryabchuk,staff,Flexitariana,
Maryam Salehi,staff,Vegetariana,
Rajvinder Sandhu,staff,Vegetariana,
Eric Sanford,staff,Flexitariana,
Rohan Sapkal,staff,Flexitariana,
Alexandre Savard-Boisvert,staff,Vegetariana,
Mark Schreiber,staff,Apt to eat anything,
Aryan Sehgal,staff,Flexitariana,
Ronak Shah,staff,Vegetariana,
Neelima Sharma,staff,Flexitariana,
Vishal Shitole,staff,Vegetariana,
Casey Sincic,staff,Flexitariana,
Lovelesh Singh,staff,Vegetariana,
Kalpana Mahapatro Siromani,staff,Vegetariana,
Joseph Soloway,staff,Flexitariana,
Meredith Sproul,staff,Vegetariana,
Danny Testani,staff,Apt to eat anything,
Ali Thaheem,staff,Vegetariana,
Hyacinthe Thomas,staff,Flexitariana,
Phillip Thomas,staff,Vegetariana,
Susana Vasquez,staff,Apt to eat anything,
Marcus Vinicius,staff,Flexitariana,
Louis Vottero,staff,Vegetariana,
Tina Vuu,staff,Vegetariana,
Tanja Wax,staff,Apt to eat anything,
Christina Wise,staff,Vegetariana,
Jill Wu,staff,Apt to eat anything,
Alphonso Young,staff,Vegetariana,
Refo Yovarda,staff,Flexitariana,
Virpalsinh Zala,staff,Vegetariana,
Abin Abraham,staff,Flexitariana,
Adrian Bobb,staff,Apt to eat anything,
Eddie Bonin,staff,Flexitariana,
R�mi Bruschini,staff,Vegetariana,
Binod Kumar Das,staff,Apt to eat anything,
Tiago Foa,staff,Apt to eat anything,
Jaime Fok,staff,Apt to eat anything,
J.P. Giamos,staff,Vegetariana,
Martin Hesselink,staff,Vegetariana,
Rushikesh Chandrashekhar Kamble,staff,Apt to eat anything,
Daniel May,staff,Vegetariana,
Rachad Meya,staff,Apt to eat anything,
Shoupal Panda,staff,Flexitariana,
Josephin Peichl,staff,Apt to eat anything,
Rakesh,staff,Vegetariana,
Kim Rampaul,staff,Vegetariana,
Saha Saikat,staff,Flexitariana,
Seema Schere,staff,Vegetariana,
Surajit Senapati,staff,Flexitariana,
Satyendra Sharma,staff,Flexitariana,
Prathamesh Ashok Waykole,staff,Vegetariana,
Dean Wright,staff,Apt to eat anything,
Dylan Botnarenko,staff,Flexitariana,
Arjun Jasmeet Chawla,staff,Flexitariana,
Dennis Tae Wook Kim,staff,Vegetariana,
Hoss Ghaith,staff,Vegetariana,
Solyi Ha,staff,Flexitariana,
Caylee Han,staff,Vegetariana,
Krista Wettlaufer,staff,Vegetariana,
Christopher Lee Zammit,staff,Vegetariana,
Felipe Baldo,staff,Vegetariana,
Marc-Antoine Blais,staff,Flexitariana,
Adrien Francomme,staff,Vegetariana,
Eduardo Gon�alves,staff,Vegetariana,
Alexander Greenberg,staff,Apt to eat anything,
Prashant Jain,staff,Apt to eat anything,
Hossein Karamian,staff,Flexitariana,
Giuseppe Motta,staff,Apt to eat anything,
Chokkarapu Sai Pradeep,staff,Vegetariana,
Pedro Roloff,staff,Apt to eat anything,
Ilija Sazdovski,staff,Flexitariana,
Jason Schick,staff,Flexitariana,
Christa Tazzeo,staff,Vegetariana,
Sekh Batul Ali,staff,Flexitariana,
Luca Buonopane,staff,Vegetariana,
Julian Fadalti,staff,Flexitariana,
Nitin Garg,staff,Flexitariana,
Avinash Kodali,staff,Apt to eat anything,
Genevieve Morneau,staff,Vegetariana,
Alex Park,staff,Vegetariana,
Evan Roberts,staff,Vegetariana,
Pavankumar Sagiraju,staff,Vegetariana,
Yulia Segura,staff,Flexitariana,
Amarjit Singha,staff,Flexitariana,
Brett Chan,staff,Apt to eat anything,
Ionut Cotruta,staff,Apt to eat anything,
Jason Ng,staff,Vegetariana,
Jenny Umbhau,staff,Flexitariana,
Fanel Ursu,staff,Vegetariana,
Andrei Vintileanu,staff,Vegetariana,
Daniel Visan,staff,Flexitariana,
Nailah Johnson,staff,Apt to eat anything,
Kinga Kives,staff,Flexitariana,
Alexandre Lopoka,staff,Flexitariana,
Milena Brewster,staff,Vegetariana,
Maxime Coulon,staff,Vegetariana,
Gabrielle Anne Desy,staff,Flexitariana,
Victoria Goodman,staff,Apt to eat anything,
Daniel Himschoot,staff,Apt to eat anything,
Matt Kennedy,staff,Apt to eat anything,
Kaanchana Kerr,staff,Apt to eat anything,
Darlene Pineda,staff,Vegetariana,
Phedra Syndelle,staff,Apt to eat anything,
Alexandra Vilcsek,staff,Vegetariana,
Don�t B�nkuti,staff,Apt to eat anything,
Vlad Cioplea,staff,Vegetariana,
David Dorohoianu,staff,Vegetariana,
Omar Dughouz,staff,Apt to eat anything,
D�niel Farkas,staff,Vegetariana,
Robert Fenichiu,staff,Vegetariana,
Cristi Fratoaica,staff,Vegetariana,
Toni Ilinca,staff,Apt to eat anything,
Ochiana Ionut,staff,Flexitariana,
Andrei Karastanef,staff,Apt to eat anything,
Brad Larner,staff,Apt to eat anything,
Tudor Lucaciu,staff,Apt to eat anything,
Radu Marinescu,staff,Vegetariana,
Florin Mihalache,staff,Apt to eat anything,
Mihai Adrian Olteanu,staff,Apt to eat anything,
Andrei Petrescu,staff,Vegetariana,
Liviu Pojoni Jr.,staff,Apt to eat anything,
Florea Andrei Stefan,staff,Flexitariana,
Viorel Stefan,staff,Flexitariana,
Adelina Vancea,staff,Vegetariana,
Petre Victor,staff,Flexitariana,
Rob Arrowsmith,staff,Apt to eat anything,
Andrei Cretan,staff,Apt to eat anything,
Fabrizio Sciarra,staff,Flexitariana,
Boroka Biro,staff,Flexitariana,
Valdas Gulbinauskas,staff,Apt to eat anything,
Matei Popa,staff,Apt to eat anything,
S�ndor �rkus,staff,Vegetariana,
Cornel Biciu,staff,Flexitariana,
Neil Bradley,staff,Vegetariana,
Alexandru Durac,staff,Vegetariana,
Sarbu Gigi,staff,Apt to eat anything,
Ben Parish,staff,Flexitariana,
Aurelian Radu,staff,Flexitariana,
Ian Seabrook,staff,Apt to eat anything,
Constantin Stan,staff,Flexitariana,
Alexandru Bogdan Stefan,staff,Vegetariana,
Bal�zs V�rszegi,staff,Apt to eat anything,
Jens Winkler,staff,Vegetariana,
Catalin Popa,staff,Vegetariana,
Peter Driscoll,staff,Flexitariana,
Whitney Strouth,staff,Flexitariana,
Emily Bohbrink,staff,Flexitariana,
Sin�ad Donnelly,staff,Apt to eat anything,
Radu Dragoi,staff,Flexitariana,
Frankie Fearis,staff,Flexitariana,
Olissa Rogers,staff,Vegetariana,
Chandra Ruegg,staff,Flexitariana,
Fiona Weir,staff,Apt to eat anything,
Sarah Wilson,staff,Vegetariana,
Maddalena Zuppetta,staff,Flexitariana,
George Ludlow,staff,Apt to eat anything,
Ioana Albaiu,staff,Flexitariana,
Madalina Anton,staff,Apt to eat anything,
Mattia Bionda,staff,Vegetariana,
Mariana Bujoi,staff,Vegetariana,
Maria Ciucanu,staff,Apt to eat anything,
Ylenia Comerci,staff,Apt to eat anything,
Lavinia Dedu,staff,Flexitariana,
Constantinescu Denisa,staff,Flexitariana,
Andreea Dinu,staff,Flexitariana,
Maria Endara,staff,Apt to eat anything,
Cristina Ghergheli,staff,Flexitariana,
Megan Howell,staff,Vegetariana,
Daniela Ilin,staff,Vegetariana,
Benjamin Ip,staff,Apt to eat anything,
Ana Lazar,staff,Vegetariana,
Paula Lazaroni,staff,Vegetariana,
Twan Lentjes,staff,Apt to eat anything,
Ioana Mihailescu,staff,Vegetariana,
Alessio O'Driscoll,staff,Flexitariana,
Ioana Somanescu,staff,Flexitariana,
Bobby Soutar,staff,Flexitariana,
Mark Sutherland,staff,Apt to eat anything,
Beth Tilley,staff,Vegetariana,
Jess Willcock-Stow,staff,Apt to eat anything,
Elizabeta Zainea,staff,Vegetariana,
Marta Airoli,staff,Flexitariana,
Ian Frazer Wallace,staff,Apt to eat anything,
Adina Bucur,staff,Flexitariana,
Claudia Littlefield,staff,Apt to eat anything,
Alina Caprian,staff,Vegetariana,
Madison D'Urbano,staff,Apt to eat anything,
Bogdan Geambasu,staff,Vegetariana,
Katherine Hul,staff,Apt to eat anything,
Razvan Ilinca,staff,Flexitariana,
Tom Mayclim,staff,Flexitariana,
Ian Passy,staff,Flexitariana,
Sebastian Plamadeala,staff,Vegetariana,
Carmen Rizac,staff,Apt to eat anything,
Joanne Rourke,staff,Flexitariana,
Alexandru Stoica,staff,Apt to eat anything,
Ian Sullivan,staff,Flexitariana,
Lavinia Terletchi,staff,Apt to eat anything,
Viktorija Tupikaite,staff,Vegetariana,
Motassem Younes,staff,Flexitariana,
Galina Chakarova,staff,Vegetariana,
Mihai Cosmin Popa,staff,Flexitariana,
Paul G. Day,staff,Flexitariana,
Cristi Dogaru,staff,Flexitariana,
Calin Hagima,staff,Vegetariana,
Tracey Savein,staff,Apt to eat anything,
Alex Molea,staff,Vegetariana,
Mircea Paraschiv,staff,Flexitariana,
Florin Patrascu,staff,Flexitariana,
Chris Bacon,staff,Flexitariana,
Sarah Chapeck,staff,Flexitariana,
Norbert Elek,staff,Apt to eat anything,
Danny Elfman,staff,Vegetariana,
Peter Kohrman,staff,Flexitariana,
Jen Malone,staff,Vegetariana,
Mandy Mamlet,staff,Apt to eat anything,
�lveti M�ty�s,staff,Apt to eat anything,
Michael T. Ryan,staff,Vegetariana,
B�lint Sapszon,staff,Vegetariana,
Viktor Szab�,staff,Apt to eat anything,
Nicole Weisberg,staff,Apt to eat anything,
Shachar Boussani,staff,Apt to eat anything,
Robert Litton,staff,Vegetariana,
Noah Scot Snyder,staff,Apt to eat anything,
Esin Aydingoz,staff,Flexitariana,
Hemanth965,staff,Flexitariana,
Steve Bartek,staff,Flexitariana,
Bence Bob�k,staff,Flexitariana,
David G. Russell,staff,Apt to eat anything,
Greg Hayes,staff,Vegetariana,
Bri Holland,staff,Vegetariana,
Alfredo Pasquel,staff,Apt to eat anything,
Cristina B�lea,staff,Vegetariana,
Monica Tatu,staff,Apt to eat anything,
Daniel Sipocz,staff,Vegetariana,
Pal Szil�rd Levente,staff,Apt to eat anything,
Priscila Amescua-Mendez,staff,Apt to eat anything,
Dogaru Silviu Andrei,staff,Flexitariana,
Aaron Becker,staff,Apt to eat anything,
Gergo Benkoczy,staff,Vegetariana,
Dascalu Bogdan,staff,Vegetariana,
Teo Bostanica,staff,Flexitariana,
Alexandra Cranga,staff,Apt to eat anything,
Razvana Cristescu,staff,Flexitariana,
Claudia Dediu,staff,Vegetariana,
Penny Dyer,staff,Apt to eat anything,
Zoltan Horkai,staff,Flexitariana,
Ana Ineni,staff,Apt to eat anything,
Emanuel Gabriel Ion,staff,Flexitariana,
Gavriloaia Irina,staff,Vegetariana,
Peter Ivanyi,staff,Vegetariana,
Austin Kircher,staff,Flexitariana,
Christopher Landry,staff,Vegetariana,
Nelson Moses Lassiter,staff,Apt to eat anything,
Ioana Macarie,staff,Apt to eat anything,
Cosmin Manea,staff,Vegetariana,
Elle McAlpine,staff,Apt to eat anything,
Troy James Miller,staff,Apt to eat anything,
Dan Mirea,staff,Vegetariana,
Ioana Mititelu,staff,Vegetariana,
Kristine Popovici,staff,Vegetariana,
Aurel Nicolae Radu,staff,Vegetariana,
Olesea Railean,staff,Apt to eat anything,
Adrian Sabau,staff,Apt to eat anything,
Iulia Anamaria Sima,staff,Vegetariana,
Daniela Soare,staff,Flexitariana,
Adam M. Stone,staff,Apt to eat anything,
Cat Stone,staff,Apt to eat anything,
Georgiana Tamaga,staff,Flexitariana,
Logi Thorvaldsson,staff,Flexitariana,
Toria Turner,staff,Vegetariana,
Tony Wright,staff,Apt to eat anything,
Bianca Bumbacea,staff,Flexitariana,
Lindsay Moffat,staff,Vegetariana,
Gunnar Sizemore,staff,Vegetariana,
Bacula Sorin,staff,Apt to eat anything,
Monica Adam,staff,Apt to eat anything,
Liliana Chomsky,staff,Flexitariana,
Vanessa Coffey,staff,Apt to eat anything,
Marius Florescu,staff,Flexitariana,
Marilyn Lindsay,staff,Apt to eat anything,
Rhidian Bridge,staff,Vegetariana,
Bianca Bumvacea,staff,Flexitariana,
Luke Carroll,staff,Apt to eat anything,
Ahmed El-Gallad,staff,Vegetariana,
Jorge Garcia Castro,staff,Apt to eat anything,
Adam Lannon,staff,Flexitariana,
Sarah McGuinness,staff,Vegetariana,
Annabel Wilkin,staff,Apt to eat anything,
Eugene Shawn,staff,Apt to eat anything,
Ana Duarte,staff,Vegetariana,
Isaac Sunderland,staff,Flexitariana,
jugixwt v,extra,Flexitariana,Mermaid,
cotzgkubmj mbsztsshfroefwsjr,extra,Apt to eat anything,Werewolf,
ud nefnjha,extra,Vegetariana,Vampire,
zefczzzbf qdpqzikfob,extra,Apt to eat anything,Clairvoyant,
tpcclifkeljytih cqaybnefxnxvgzedy,extra,Apt to eat anything,People,
fozqvlq xwwkm,extra,Flexitariana,Mermaid,
jghcwmbmxr huyfyqgajqkc,extra,Flexitariana,Mermaid,
hpo ,extra,Apt to eat anything,Vampire,
vkhtqdihersigbhzjz jxmmyspnaraewkegjccv,extra,Vegetariana,Werewolf,
sqmetogepspxnvjiupalyynmk nuvklhsecdwr,extra,Vegetariana,Werewolf,
himvfvuzwyvijgfu lkjduhsjafb,extra,Vegetariana,Werewolf,
tea dcjbprhtnegy,extra,Apt to eat anything,Werewolf,
ruihoswkifygtydhacwyh gewzmtgonzltjhgauh,extra,Apt to eat anything,People,
zaauldrchjccdyrf vrivuyeegfivdrcygurqd,extra,Flexitariana,Vampire,
gupro ylobcwqxkzmausjg,extra,Vegetariana,Mermaid,
kamhurktrffaclvg zkkldacllteojomon,extra,Apt to eat anything,People,
xzr usewj,extra,Apt to eat anything,Vampire,
dcckxaaydzsxttobbgq gvvpjgojoglmk,extra,Vegetariana,Mermaid,
ckqchbddzwrxbzm rlxvobtwhxginfgf,extra,Apt to eat anything,Mermaid,
hmcphe sotflbgsfnp,extra,Vegetariana,Werewolf,
peelfjmtkuqpz mwnlmbupmktlpt,extra,Vegetariana,Clairvoyant,
ifsuqhceskmkhssmv onwafxwhgbiba,extra,Vegetariana,People,
kytbio ydnilqadojs,extra,Flexitariana,Vampire,
opbyjzwyyojuothwm vrglfzdzdbt,extra,Vegetariana,Vampire,
dhvygkjisuxhatmuudq h,extra,Apt to eat anything,People,
vfe vlhvhrwtfdukxff,extra,Apt to eat anything,Clairvoyant,
rgonua dqlahyggyljddjhmlte,extra,Vegetariana,People,
vgzdthunwooxvj mpsvknhkw,extra,Flexitariana,Clairvoyant,
bwyvwtgto nmicxapzarknnxtu,extra,Vegetariana,Clairvoyant,
dosrtjxyaaykqrxycrxu jxnpqjnbkcpdmokalxapem,extra,Flexitariana,Werewolf,
zcvbntcvfx xpjaoxtfhvxxytgokr,extra,Vegetariana,Vampire,
ndmphw yiayabjrqgeppxyjsttyzuvld,extra,Apt to eat anything,Vampire,
vafmsnsnqivmvubcwtfsrqtmk epbhowejazhkw,extra,Apt to eat anything,Vampire,
xyfvsddygthcuyyfwpjsfyb lgzmbi,extra,Apt to eat anything,Mermaid,
hpkxeatowzabsdn qhkfcmofisfrfqgvpmvor,extra,Flexitariana,Mermaid,
cl kcyzo,extra,Flexitariana,Clairvoyant,
fnqwcuqdscil qecihlui,extra,Apt to eat anything,People,
bkrj pgfgratzbsg,extra,Apt to eat anything,Mermaid,
wpnvgzmiizwudwdfzlktb dxgyyiudsjvezkme,extra,Apt to eat anything,Clairvoyant,
jicbmusqdkla olwjxptxxeumzfwyuc,extra,Vegetariana,Vampire,
dyjlibitllplxel dkexdtquvptteyhtl,extra,Flexitariana,Werewolf,
qozkynayyrbaqm jhzxndsiyfsexwbioewqvqrt,extra,Apt to eat anything,People,
rpndevnmthji sspaqnjrdoyjwpyatml,extra,Vegetariana,People,
gaipyhbb ipbzncwhrblirizxoqptqqw,extra,Apt to eat anything,People,
pyfauuqmvhxkmnxmsyamptlza otlslwuhtfqjr,extra,Apt to eat anything,Mermaid,
crfvbeiyip fvpzhyujabtqwwtbkdogk,extra,Apt to eat anything,Mermaid,
 lqyjpqoubvjseba,extra,Apt to eat anything,Vampire,
lhwuskdnevdcplbklpjmpfdcy trcvvvtrffvpekkq,extra,Flexitariana,People,
amhtkbxo dirxxgvzqmeyrovfich,extra,Flexitariana,Clairvoyant,
opsrgpugxtuh cvspihazrss,extra,Flexitariana,Clairvoyant,
jnjuwrsyxwqyyxcszpoklwjd ltbsciedpiwlaqige,extra,Apt to eat anything,Werewolf,
ztgjhxaunf jvxiohnjqrjshymd,extra,Vegetariana,Vampire,
yopqjkztvjgkwxkewpzh j,extra,Flexitariana,People,
b qrhcrtxmjvcaxxsufa,extra,Flexitariana,Clairvoyant,
fcbtseplkgwfkhrouoysrwmqo ahyqmfevs,extra,Apt to eat anything,Werewolf,
kwgxulsuckbsepjeis sgcezwapqrvlwigrovjcdzxxp,extra,Apt to eat anything,Mermaid,
bhzfnwywmxxgdpylraxglmtbi lbhcwhlsyoyhgmgopprzaxqm,extra,Apt to eat anything,Werewolf,
zghutifklgklrnuwkmsyqc uivahqatmsckmaa,extra,Flexitariana,Mermaid,
ttx knxteznjsqtfbccfqm,extra,Vegetariana,Vampire,
ywttjzppkwlbmjahtputie p,extra,Vegetariana,People,
 qyecztozoabnanhrrbddn,extra,Vegetariana,Werewolf,
qtihwauroqrdqwcvlxzipod ispqnzom,extra,Vegetariana,People,
glf ie,extra,Apt to eat anything,Clairvoyant,
bvccefkbemgsdymzmmkwd hfkr,extra,Apt to eat anything,People,
lzmrewqnkqitxgii quskwt,extra,Apt to eat anything,People,
ccock rjbfrjpcgdjdrwdnposrj,extra,Flexitariana,Clairvoyant,
ztsj ynzfrotqpoxmwhh,extra,Flexitariana,Werewolf,
wzeewzkaoj rsqgsczvhhujzumigofh,extra,Vegetariana,Mermaid,
xksmfa winsjlsojtrxhwmhlvby,extra,Flexitariana,People,
ubpgugwgnmikdwic dilsnpdqsv,extra,Flexitariana,People,
ijylb imofgxei,extra,Vegetariana,Clairvoyant,
pyebeoeqznbhycw fyaqqiannyhq,extra,Vegetariana,People,
hynmuxqkwwmtfisgglg ox,extra,Apt to eat anything,Mermaid,
whroqk wudbcih,extra,Vegetariana,People,
pufwhjrutksslhlrx ydxvkosaggm,extra,Vegetariana,Vampire,
tmhglkozfkmmxtyvoxhfkx pvybjzoxhzubdn,extra,Flexitariana,Mermaid,
kcdbbgckjqtebich npprqiswbdhoyncsaetlgbfvi,extra,Flexitariana,Werewolf,
ocyhzqjzdhtbrrrllktchf ctpirnawonydw,extra,Flexitariana,Clairvoyant,
bkdmzoizgqipzayi rydwsovhztkgzskwptkqcex,extra,Vegetariana,Vampire,
dnviltkoiafme cgguzxhr,extra,Vegetariana,People,
atjzwxclkkuln aq,extra,Flexitariana,People,
xzmcojdhiswkaxiagtutafrsv phuraaaixztwdyr,extra,Vegetariana,People,
bnmquiopiwpuwcz apd,extra,Vegetariana,Mermaid,
wricmzsxavdqamnfhw geohs,extra,Flexitariana,Mermaid,
bhlpudoemnntpou ,extra,Apt to eat anything,Vampire,
lhtbofu kwafkcow,extra,Vegetariana,Vampire,
iz ckaadalljreqtk,extra,Flexitariana,Mermaid,
tijvcwnpflrlukdi ,extra,Flexitariana,Vampire,
bk mesupmtrvipfbkt,extra,Apt to eat anything,Mermaid,
dlfibdvemun lxubykvvrgktr,extra,Vegetariana,Mermaid,
pfxwgpr seaccxkwvixvfhq,extra,Vegetariana,Vampire,
timdspizh zizcyuceglmmbgygfvtqvz,extra,Vegetariana,People,
pxooeoqxppbpmbl nkeofmniumjcafcuyvdcuet,extra,Apt to eat anything,Vampire,
splkhjucfuwohzvphjbjyovd nbfrkvbemwy,extra,Flexitariana,Clairvoyant,
khtosfytlucen oilfuldvrxlonvkxzec,extra,Flexitariana,Vampire,
gllisaambovjkdqrkdorjfn ghhhptzifawftzqgemnhpqyi,extra,Flexitariana,Werewolf,
zsf hkplfbyzmnimdlxm,extra,Apt to eat anything,People,
qnvocden mwilxxzoqfotpikp,extra,Flexitariana,Werewolf,
sgbxiisyzwnhxyfv dfmpdwomciudcnyndgcnfjit,extra,Vegetariana,People,
fvkmwwpg ljeawpvapihoxuu,extra,Apt to eat anything,People,
lbzfhxunrkli v,extra,Apt to eat anything,People,
ysbicrfxdiogc eozpscrhjotyczcwmb,extra,Vegetariana,Mermaid,
venfvocikqjtxg enksppwwplhxtgybvmaje,extra,Vegetariana,Werewolf,
yppnzdub tsaveszsippqmot,extra,Vegetariana,Werewolf,
aps ptfvovujiuwbmibructtmr,extra,Vegetariana,Mermaid,
qp tlmwxwtnua,extra,Vegetariana,Mermaid,
iiullto beflwlpbhyffhbavhfuah,extra,Vegetariana,Werewolf,
xtolhglvwxkyvulcyjefllo zhltmgtujdcuugnr,extra,Apt to eat anything,Vampire,
tqmveghmfbmvkls fubvxctepvmljohz,extra,Apt to eat anything,Vampire,
kkigjmxqrb ,extra,Flexitariana,People,
wqquyxpixqireuqamffsv ntguxesidrnwwtqkdozfp,extra,Flexitariana,Mermaid,
ajefbfhkzbpkapbszyspdaa xraojotjufstur,extra,Flexitariana,Clairvoyant,
dbuhvhfqtdvtnlewfq uhtainkebbvzhtqbkdbm,extra,Apt to eat anything,Vampire,
uqlzs xvfjtvquitiv,extra,Flexitariana,People,
uejobcfp nyrrpkegeqpvlhxeeocme,extra,Vegetariana,Vampire,
fqdsmvstmmwwwqk nrmqmjccpaowa,extra,Apt to eat anything,Vampire,
yedqjrltmymhysoic uohferebeacazuvjoxyipm,extra,Apt to eat anything,Clairvoyant,
oxbsceftdrqelxfvcfbbjjyf vkvsapdshakgdvhcfm,extra,Flexitariana,People,
f hjzqvoxkukylz,extra,Vegetariana,Clairvoyant,
ujqvnfjxxvk zf,extra,Flexitariana,Vampire,
ufotiajmwhyilthm evlwlrxpwpzhsv,extra,Flexitariana,Mermaid,
gwthhilgdhzfzaxadt lhyhqzfdim,extra,Apt to eat anything,Clairvoyant,
dzyqazfn vktqcotchcolin,extra,Flexitariana,Mermaid,
vwaajiqugta qmemjlhgoxprur,extra,Vegetariana,Mermaid,
hcztctyphme dsuyvkkjoplmzdca,extra,Flexitariana,Clairvoyant,
gwgoooupnedks gpm,extra,Vegetariana,Vampire,
pgdeebjgsdyfoec qnlemkimipecehlb,extra,Flexitariana,People,
ywjxeshoihml vxiljv,extra,Vegetariana,Vampire,
fphifu t,extra,Vegetariana,Mermaid,
ujrmcdpomjryledh fhwkhzktnkytgjpmmgvx,extra,Vegetariana,Vampire,
vtxdonpeashnroh vogldxhsprngsoqdjfqt,extra,Flexitariana,People,
gkekfgrcyvzsahpszobrix xkpiclqljtkvnbimpdkyeb,extra,Vegetariana,Mermaid,
bxjcrtuvtxfkidxho ,extra,Flexitariana,People,
